time,ch_1,ch_2,ch_3,ch_4
0.0,-1.0856306033005612,0.9973454465835858,0.28297849805199204,-1.5062947139180922
0.0078125,-0.3429018835555375,1.651436537097151,-2.426679243393074,-0.42891262885617726
0.015625,1.6816710648568065,-0.8667404022651016,-0.6788861516220543,-0.09470896893689112
0.0234375,1.9889819894603862,-0.638901996684651,-0.44398195964606546,-0.43435127561851733
0.03125,2.6678698489810984,2.1867860889737862,1.004053897878877,0.386186399174856
0.0390625,1.054565217978065,1.490732028150799,-0.9358338684023914,1.1758290447821034
0.046875,-1.1563355067409482,-0.6377515024534103,0.9071051958003014,-1.4286807002259692
0.0546875,-0.28521105881589714,-0.8617548958596855,-0.2556193705305969,-2.7985891054607244
0.0625,-2.1250864951031208,-0.6998772345979173,0.9274624317585825,-0.1736356827902158
0.0703125,-0.47562425196929337,0.688222711102285,-0.8795363430090519,0.283627323807291
0.078125,-1.295759158267231,-1.7276694941206072,-0.390899793755101,0.5738058624050577
0.0859375,-0.04791617568156692,-0.01183049447881976,2.392365265937726,0.4129121603087788
0.09375,0.7873942897548014,2.2381433384979528,-1.2940853231612488,-1.0387882102049535
0.1015625,1.7927207952877107,-0.7980627352410625,0.029683230303330227,1.0693159694243488
0.109375,1.1684915078029716,1.754886181981109,1.4956441370334692,1.0693926697057368
0.1171875,-0.33174808207301404,0.7948626677932181,0.31427199450686705,-1.326265459940456
0.125,1.9172990464768525,0.8072365345785665,0.045490080631097156,-0.2330920609844135
0.1328125,-0.7573405125266094,0.19952407355863258,0.46843911944564426,-0.8311549842432792
0.140625,1.4399891656093304,-1.0972030464830342,-2.1231003500424417,1.0397270908927005
0.1484375,-0.3543574679373272,-0.12602958531301514,-0.8375167228250533,-1.6059627607174027
0.15625,1.0638956585416737,-0.6888689838469215,1.6609524881479396,0.8073081862107286
0.1640625,-0.7012633733988285,-1.0859024011268665,-0.732461986720457,-1.2125231310951696
0.171875,1.5967207193865702,0.16444123022982496,1.1502055425466322,-1.2673520490102275
0.1796875,-0.29743503826910056,1.177861938808578,-0.335010761933016,1.0311144589217425
0.1875,-1.4381213025990407,-1.363471544618584,0.37940061207813613,-0.3791764345725522
0.1953125,0.4969123506445996,-1.977887931520449,0.7122646354705182,2.5983039272693147
0.203125,0.07291917957658449,0.034142128909839434,0.17954948463867915,-1.8619757107917871
0.2109375,0.7433432817721323,-1.6054097440159647,-0.42767959812380446,1.2428695496037372
0.21875,-0.2732771898444332,0.5012489895674,1.0127390539563705,0.2787408560959998
0.2265625,-0.8733561067585093,-0.3324752753514139,1.959411342388286,-2.025045762997471
0.234375,0.1399487922850975,-0.5521080714881075,0.12074736309713872,0.7482156171872307
0.2421875,1.8443893364350525,-0.2702323920091581,0.8123413299768204,0.49974014486517293
0.25,0.47434729787180063,-0.5639239315264725,-0.9973214687759007,-1.100043112620697
0.2578125,-0.9921355778121211,0.3216865758662266,0.7609493931283295,0.32346884785689517
0.265625,-0.9646899023470132,1.8059701099324745,1.5188656236315399,-0.35400011275017335
0.2734375,-1.3210237693217644,0.13021495415796958,1.2672986450543529,0.3327649772541171
0.28125,0.09460893865440062,-0.21208012227562564,0.4562708952022307,1.5445444514561384
0.2890625,-0.5568654235595346,0.14330773250787276,0.25381647654962736,0.2837253557710373
0.296875,-1.5094340370792916,-1.8768686558738945,-1.0196550709218393,0.16794229540166816
0.3046875,0.6989985046304418,-0.5306745597736242,1.3772574828673068,-0.1431759743261871
0.3125,0.37386938882789844,-0.19396387055266243,0.13402679274666512,0.7044740740436035
0.3203125,1.1441236057784354,-0.8984229406095902,1.5236637764785275,-1.0950264574269175
0.328125,0.5696196542922276,-0.2743965735223526,-1.0489916773184873,-0.07512058797383152
0.3359375,-0.35430854661102945,0.07290724327605223,0.403085961219367,1.4719293689732715
0.34375,0.4987259348099592,-0.6112253403048249,-0.39161981071960156,0.13997810611456363
0.3515625,0.04445225929737148,1.459589268228421,1.3953529297569547,-0.3589359262422613
0.359375,-0.8264272446959997,-2.5570546040678583,-0.5489204133222203,-0.978057706084284
0.3671875,-0.795785090268996,0.3915842423501111,0.1771923291989879,-0.02996800704754226
0.375,-0.3004178889114863,-0.12611777323099171,0.19701893254347608,-3.2310550079193123
0.3828125,-0.7102541219249319,-0.110850721053007,-0.3412617162065858,-0.21794626210294177
0.390625,0.425525001296928,-0.5981053313408254,2.200702099217128,0.6882969302220884
0.3984375,-0.055315821078652794,-0.2066623031975665,-0.08652228638213519,-0.9153070699439789
0.40625,0.09613917692453433,0.2786835167270544,0.5795416155732297,0.5796897791443336
0.4140625,0.11162768011543373,-1.41608225252193,-0.6691026262334455,1.612193042812388
0.421875,1.3864509536115628,0.3696195863041741,-0.7612942447601239,0.003645154973777971
0.4296875,-0.7771985177963774,-0.5519368756960736,-0.24520334168519506,-0.361639931865213
0.4375,1.3101553216492865,-1.4187259140354525,-0.8654322715151541,-1.3746879710222193
0.4453125,-1.0922108740606227,0.12405589644664888,-1.6004405330562719,0.7538687788376368
0.453125,-0.3443609379491388,0.06878833252597749,0.32257673799720377,-0.4341665202515911
0.4609375,0.7152830736715547,-0.19434272672763503,0.59407025523907,-0.19911238275725224
0.46875,-0.1710653788307197,0.2796626701579614,0.24996993945553106,-0.9743078496209193
0.4765625,-0.06171659278865843,-0.3189569890995958,0.6304880304899179,-2.1524934444123036
0.484375,-1.8808510282062239,0.36344556213502865,1.8629275851052287,0.8350587468112366
0.4921875,-0.9181493026129791,-1.692052415377956,0.7426862211616183,-0.0805832220429508
0.5,0.5907042178943847,0.11529872221079104,0.029642925120495232,2.9586254458931758
0.5078125,0.2295684073674186,-0.15924520925326413,-0.12144867540402206,-0.5835367167076569
0.515625,1.405867700866584,-0.3537543337813492,0.6359427056445893,0.2846030298135564
0.5234375,1.7165782254685247,0.4201795969883613,-1.2133847809476472,-1.3264877850539407
0.53125,1.870308912332545,-0.6087108032644418,-1.3206025797896521,-0.6696185998697584
0.5390625,1.5818219290498297,-1.4202129989485122,-0.8664952037596095,-0.6668075087965194
0.546875,-1.153644712465129,-1.1843273385116637,-1.5181079752636586,-0.46118741313672207
0.5546875,-0.500051170367315,-0.6825381542033057,-1.653697838967641,1.2533359468559955
0.5625,-1.6826322197654342,0.27803371202287097,-1.0747665931188752,0.6683168667415277
0.5703125,0.47736218730105995,-0.8776135866276552,-1.923715729697126,0.6957873191396077
0.578125,1.3854079065120195,0.415694539892434,0.16054442147971804,0.8197606096101892
0.5859375,0.3785496193156488,-0.8289888337610103,-0.6591513106966479,0.6111235500559111
0.59375,-0.3353550636628376,1.3166055958635523,-0.7043421471287583,0.7506099168684812
0.6015625,0.39164655153400896,-0.12643756370963435,1.1759107718346071,0.6800715328674297
0.609375,-0.7271820368723042,0.6402186804198471,1.374990631494199,-0.13044468898462372
0.6171875,0.19230478178920382,-0.6696471476435246,-0.013603885675351006,0.68620068605291
0.625,-0.31766829957874765,-1.34635756073724,-0.3757499109819263,-1.3797249786587495
0.6328125,0.9641790734568103,-0.4266897699938011,-1.7554018445508066,-0.3486075147385099
0.640625,0.08517013071571183,0.4491356133597172,-0.14536354315421035,1.8687264568398085
0.6484375,-0.4696952813742185,-0.06239854858230655,-0.10291061426267058,-0.28262838440702354
0.65625,-0.048916131169605165,0.5412312971976727,1.3400987035364347,-1.5692561273944634
0.6640625,-0.8968481004874878,-0.4477714253522432,0.937850297361706,-0.3566630610733439
0.671875,-2.385568233280934,0.0877304638665764,-0.03368923154093914,0.17975156577131524
0.6796875,-1.5186330488455866,1.7190346810845034,-0.32385978378534624,-0.18829685849366687
0.6875,-1.2535619604024342,-0.9310020038747236,-1.2227369597487854,-0.3933108517811569
0.6953125,-1.1027241773838672,2.0564673412252215,-1.8884923803868152,-1.1283305481817938
0.703125,-0.3038692674489518,0.6734912780983248,-0.41375688138006245,0.6759633930029775
0.7109375,-0.6696072472084994,0.05929113389470675,1.7440410870108338,-0.967744395699478
0.71875,0.8815074421510382,0.2069275192832601,-2.25153498598787,-0.5889705464706788
0.7265625,1.6287442686420879,0.1350776724846987,-1.2122689628960637,0.6907772729156428
0.734375,-0.06338813916307934,0.36005072808083666,0.3769201144376306,-1.1186956011455729
0.7421875,1.0255264031472975,-1.007508801235176,-1.3057858663416402,-0.8828289877220372
0.75,-0.3460900338631917,0.10940315644126239,-0.77258373237244,0.7448193123951158
0.7578125,0.015765815630596897,-0.6947982151055024,0.8889929175948555,1.1610683576464835
0.765625,-0.5144195029607854,-0.2149830449638904,-1.7737713532563517,-0.4075125923914689
0.7734375,-0.7890990759014633,0.2453794072596918,-0.16842643163047274,0.24402693814049461
0.78125,1.0721505230482202,-0.5299140986336766,-0.49097228256584685,-1.3091653143025817
0.7890625,-0.3258571088234095,0.9768129824696102,-1.7510703491923696,-0.6658569670193876
0.796875,-0.06160465850414623,0.8501028835244372,0.38287023902686523,0.3254636281821306
0.8046875,-0.07917044734366943,0.4818742570187152,1.014303883533461,-1.7089917765492033
0.8125,1.0820887914284059,-0.09875980586671322,-0.5299888642145143,-2.443075785879315
0.8203125,-0.9018811557881952,1.6980589922472507,-0.6885485324635544,-1.084768771253082
0.828125,0.03396668405802289,-0.7451472218585933,0.1243586326189154,1.5169736782466114
0.8359375,-0.20011072417084558,0.15429005055187112,-1.1472371412402353,1.520166442206532
0.84375,0.3803851585966569,-1.0818191232906198,0.9043062201346425,1.1999876485826133
0.8515625,0.11244779324285638,-1.6393969675407762,1.7851688135164747,0.3101225206265262
0.859375,0.8926691808516525,-0.5508932051171423,-0.39862392473390046,0.11045310929056538
0.8671875,0.6724410458617022,0.14299002816716133,-1.2568338125336815,0.26198919678334104
0.875,1.1295341945107669,0.06580628246283132,0.12938552377648257,-1.2625437427838198
0.8828125,-1.8439497198970174,-0.6376921388132418,-0.32651764661872357,0.10406073501027997
0.890625,-0.11182814203562452,1.6019076510169283,0.05868743844990988,1.0644226884109076
0.8984375,-0.08833790480969837,1.448903611625761,-1.8703974787472009,-0.5987317666784293
0.90625,1.174375112441784,-0.17159600525671556,0.9315296133879658,0.38506610277727105
0.9140625,1.332382210394402,0.6130677280288434,0.6736489338137502,1.49245538715155
0.921875,1.4768666589025554,0.9938067071364098,0.020418758785576613,-0.5818502098168725
0.9296875,-0.18108992040619099,0.75094459718968,-2.4384605640450236,-1.3071781883042857
0.9375,-0.6097002952855151,-0.24762137869361706,-2.631438036808334,1.2587213025893325
0.9453125,0.7453175749568256,1.9845823984585664,1.062214468922782,1.030379331152028
0.953125,2.153130870022803,-0.5709580868574299,-1.5034583992493944,-0.23235739649273984
0.9609375,-1.1421886959289815,-0.25684536102444716,-1.0502189902580903,0.567880067453997
0.96875,0.051043083343081386,-0.026922590568272415,0.31158150338288004,-0.14205072712918293
0.9765625,0.2544413049311828,0.06964074948535595,-0.26544562489577334,0.9295844699427113
0.984375,0.8450864630754894,1.3374538256412127,-0.9902746893194819,-0.5344472080416974
0.9921875,-1.9371944631606928,-0.23856501820360618,0.4161238144776257,-0.13280117451197487
1.0,1.9308508670483004,-0.40584337511135676,-1.088508555488929,0.5685042066678756
1.0078125,0.385632196911159,0.5496425958003854,0.30378793078619,0.24376576053087387
1.015625,-1.7065640768913206,-0.726114027517346,-0.5903249179528643,-0.3479643379349264
1.0234375,0.04920072487515703,0.41281876168769105,0.6008825086920193,-1.1316409267511525
1.03125,1.1487441730503234,0.5857681386670712,0.4657700660382165,-1.4178944880296693
1.0390625,0.7577789423708221,0.08259541953627011,0.960880075213844,1.7843567953013033
1.046875,1.6856130466023287,0.11264417223992805,-0.0018746917257705736,0.6319482840093328
1.0546875,-1.260182292046673,-1.4506831416048,-0.4725305920249986,1.2205689137145275
1.0625,-0.684681688875745,1.5025809058094348,-2.7881128830850024,-1.5872064267876305
1.0703125,-0.6021589007218027,0.8881945413408759,-0.06962309872009259,-0.09565274449329955
1.078125,-0.6121341354587071,-1.7628977344010746,1.158068874439853,-0.6827647198373715
1.0859375,0.7030274305330835,-0.07052341796234977,1.0681603873290815,0.34325798097756616
1.09375,-0.29801620674079105,0.22626164706870253,-1.472977609111576,0.006029327171035006
1.1015625,1.7650488922769119,1.3081935639887152,-0.9850235826980721,0.5056858513379232
1.109375,0.5257650012573376,0.8171882801174077,0.09415288552221213,-0.23350399313010042
1.1171875,1.771591408534827,0.21639656827201,1.2554643219463142,0.9743862033444941
1.125,0.1755127584810922,-0.1670002743571596,1.9298324339990223,0.19148232543991203
1.1328125,-0.31766779118584537,-1.2000432779850234,0.9741324352577567,0.1602937210962731
1.140625,-0.5143068340191836,0.6745848312366249,0.15974869505592115,-1.660475070762957
1.1484375,0.6376941248755937,1.3331907028432337,2.559850230632471,0.03490256406200444
1.15625,0.041307942028005196,1.6065968052348043,0.16872226693647893,0.2753418630799225
1.1640625,-1.017123618111945,-1.3943751127131896,0.9126879358198553,-1.273570236812244
1.171875,0.6502636027458484,-0.7881655588876596,0.2652339583982989,-0.3722717313582859
1.1796875,0.6961300700912346,0.300846402206581,1.9590953525071417,-1.0836776793595817
1.1875,0.06030969094248306,0.047341880907133,0.27994357125692276,1.5959211716104487
1.1953125,0.44017569146505187,-1.147525408677207,0.5335108183398289,-0.4156193761557507
1.203125,-0.37580980906272454,1.0458573280333687,-0.6023399830262286,-0.3797303275801356
1.2109375,0.34960389648569273,0.9461858967453881,0.5815898028611892,-0.23441491191787137
1.21875,0.1897633005682488,-1.1601296615335286,-0.7598350885926629,-0.654381085820493
1.2265625,0.3483014215886528,1.9867630371691618,-0.6754694337864318,-0.2958290679056386
1.234375,-1.6366635988253322,0.6005710943105073,-1.5774487938270054,-0.9065895221643572
1.2421875,1.2780337368539956,-2.1049284295789623,0.09592041239523992,0.8009296466651264
1.25,1.5254442364402776,-0.9200931084896136,-0.624024850239865,1.8044363234026013
1.2578125,-0.26075851299459446,-0.7362639342696717,-0.7174858373072271,-0.9725563235674655
1.265625,-0.8554070115772626,1.0882204764493446,0.8877660685734637,-1.1742703028253445
1.2734375,-0.2830062886318634,-0.40215973507251773,0.7824404041044422,-0.15635972722929936
1.28125,-0.09041508445587743,-0.15860520695849933,-2.1870859306382227,0.04700244536864444
1.2890625,-1.5889435916119086,0.7471284116768413,-0.6798278923997878,-0.6050126560729894
1.296875,-0.10644798602036794,0.5777939542243806,-0.16974381779912875,1.6421827720450206
1.3046875,1.7939602001130355,1.7154685921699906,-0.23431872455876748,-1.4819584561028547
1.3125,1.5736319048315532,-0.416345285299776,0.03816631200200775,0.62832010285517
1.3203125,-1.1259662326465483,1.6291212053324975,0.8749623291033075,0.35227158207147286
1.328125,1.3813093906803071,0.5569525393273475,0.11682811556907778,-0.3077743221445603
1.3359375,-0.35263704767441384,0.2872142809033677,0.36120305977167483,1.0831988026881991
1.34375,0.39200172490174423,-0.8532015157805608,-1.576232847396656,-0.12756216200993092
1.3515625,-0.0764669468543529,-0.09809158279359968,-1.5305128973556241,1.0744651405355077
1.359375,0.794844629723982,-0.823285164614491,0.8059821116221542,0.9528308618116563
1.3671875,-0.40251355552648294,-0.9484986261940765,1.613381535261024,0.38092143377222654
1.375,-0.7510374552120427,0.7728453956729086,1.6222084878501515,-0.4971601466888655
1.3828125,0.2504619130826105,1.9431601707247084,-1.1165648342354797,-0.5492535887280628
1.390625,-0.8756401971020096,-0.15832713704922016,-0.20997373588419468,0.3007954393670502
1.3984375,-0.869384090299517,-0.6226634888808933,0.3012904839825757,0.15491185973371044
1.40625,1.0654215253427421,0.40935502492564035,0.7718466355607634,-1.1429520395415
1.4140625,0.0030889155655825506,1.8483799508834453,0.3920780465516695,0.7473929615463168
1.421875,0.7631273773644096,0.42533585692878584,-0.23090405152817356,3.571579218026311
1.4296875,0.08231424545640709,-0.03832121774315163,-2.424836325455249,1.1062666575947218
1.4375,-0.19869955909165427,-0.06079410601164124,-0.5280405508818312,-0.13868294527484562
1.4453125,-0.13910475979339745,-0.04304177578064844,-0.052801482653846724,-0.15420531148588265
1.453125,-0.2654223875543398,1.308518452326017,0.8814169197592583,0.8874423184465896
1.4609375,-1.049645523193599,1.2568208318483642,1.1316445091958878,-0.553404328801565
1.46875,1.0619122509441608,-0.6832259429997894,-1.842031838405077,1.1015259861531725
1.4765625,-0.6171111437661746,0.9769215645749828,-0.7542021627241915,-1.2617700117470427
1.484375,0.8161369824726972,-1.4072685633957671,-1.5610305114373637,-1.9255868907643525
1.4921875,-3.0301706667205797,-1.03910438326439,-2.1694079584120365,-0.035605484609829575
1.5,-2.2364173503246527,-1.0942734191759897,2.332061996209657,0.34512424061207164
1.5078125,0.2885040438207246,-1.620751980319857,-0.24559766594877117,0.048108563136617044
1.515625,-1.1894459896357883,0.12618068088061885,1.1912324570650992,-0.34825811883938024
1.5234375,0.30035599493181353,-2.0420964154954233,-1.3992338686095869,1.0576951014282159
1.53125,-0.19961088032486218,-0.9297116344424167,-0.6925831159713568,-0.05746612700083015
1.5390625,-0.8412192687839656,0.12651650597023537,-1.3600076771230591,0.7740000020757852
1.546875,-0.9595106163315386,1.3202683189321007,-0.010032652757383347,-0.8456444283952297
1.5546875,0.7663182709550869,-1.3744968791031125,-0.5470656450174095,-7.552661061545873e-05
1.5625,-0.474720193881479,-2.008585468370626,-0.9206465426133663,0.1682343424234322
1.5703125,-1.7983617272260146,1.2664292986658463,0.4951808887859862,-0.5142403907110707
1.578125,-0.7106851055016796,1.8615641238318181,0.9359884508763172,0.3802191448661718
1.5859375,-1.802023997115644,1.6296113186459584,1.052401068873978,-0.14840538755987095
1.59375,-0.7410397853913309,-0.18790393877677286,-1.201936680866974,-0.4707855577073407
1.6015625,0.8121690843192922,-1.807621277242572,-0.3140743742422747,0.11375597287983731
1.609375,0.3813531538331301,-1.1789369540334256,-1.1821528913270605,1.0891653824583838
1.6171875,-0.7835684606421145,1.0086509563084367,-0.48236531510849157,1.0797963503009356
1.625,0.07892149459498593,-1.166471320616305,0.856554856393462,-0.01739122223019718
1.6328125,1.8895372174986291,0.892200085137838,-0.22942662894379623,-0.4496676016629738
1.640625,0.30115745979705205,0.19021001785919014,-0.8817485267318087,0.8419395730245767
1.6484375,-0.34835492164561177,-0.4230277451533124,-0.5406883373725029,0.23101726734337139
1.65625,-0.8833943179033993,0.13497010999029418,2.766603071101871,-0.053609460071342124
1.6640625,-0.8205099649800145,-1.667689228147901,0.05022192476406932,-1.1092309432496066
1.671875,-0.8659507591731882,0.15160759364714313,-1.7309894498221519,0.1574627523984585
1.6796875,-0.1739549924400603,-1.2971000196666516,-0.39230919212908755,-1.8306663621778048
1.6875,1.2219475452491286,0.33056327654884465,-0.1795885009791027,-0.16343583065616296
1.6953125,0.9863012694385371,-0.09416555192061088,0.33081677127575315,1.5186295603654947
1.703125,-0.24862198699413635,-1.0926353245067322,-0.8245005747536213,1.428663834439299
1.7109375,0.4086249505958759,-0.5023312882696742,0.9736443797991589,0.9979573856771604
1.71875,-0.013708001650795665,-0.9719368370854505,-1.57052860106121,-1.793888920926237
1.7265625,0.23260591149010185,-0.893195947036793,1.8584744098061854,0.0585377546950242
1.734375,-1.5264147370998886,1.4187292755100627,0.16171030941759576,0.7049794803731056
1.7421875,0.9177331452464101,0.29655656728653923,0.5233426304345435,0.23876067172970541
1.75,-1.1063859059654328,0.36673219814247393,1.0239055049925403,-0.21005641264581787
1.7578125,0.31560384965675603,0.41958914519806173,1.8156520639191072,-0.25275030069976034
1.765625,-0.7077389689215128,-0.11693174014674963,-0.10239107510368999,-2.272617710954302
1.7734375,-1.1402022048026692,0.29988506654577324,-0.008256514667853591,-0.7993391541971328
1.78125,-1.126719018431024,-0.355613128296959,-0.8015717808024205,-0.5130506104434005
1.7890625,-0.8565867615603593,0.8953708466071769,1.0163912685410768,0.9335850943946729
1.796875,0.3291566381671488,-0.7083224844135482,0.9598304499937307,-0.31425058651942994
1.8046875,0.16819454688670052,1.3382205319305884,0.08399285613164036,0.2472840302376188
1.8125,-1.0592260954033181,0.4870092937668535,-0.9800066473024811,1.011939656367902
1.8203125,0.2938709906932541,-2.2361688420171104,-0.35802010256334205,-0.22803453828591722
1.828125,0.9758678662797078,0.6705123906471673,-0.32776424472118837,1.0128681948538745
1.8359375,-2.780550101971535,-0.7139889980252292,-1.1123642708371866,-1.2541835105849213
1.84375,1.1510480875300555,0.8291703990248491,-0.7757700204102219,1.17805700395996
1.8515625,0.05245832228764017,-0.4216841007751528,-0.6929227963724367,-0.7782717264630924
1.859375,0.1949897409397377,0.6501549009670022,0.23850121218790918,-2.050217677383097
1.8671875,-0.14460197612127285,0.5653965640388058,-0.6692056054644492,0.04325054289835325
1.875,-2.3638842993007474,-1.2299690616797727,-0.3242353482405271,-0.3097511440161062
1.8828125,-0.08928126042457862,-1.18692538652941,-0.34120606462067304,-0.48977978041340897
1.890625,0.2502253574694059,1.4210427683683313,1.7209203198100749,-1.5684400468313573
1.8984375,-0.0970227619152415,-1.1125293102447653,-0.0647449514862398,0.422919279615949
1.90625,0.2728326148859571,-0.04901169879446085,1.4830391747653016,0.7209893917039087
1.9140625,0.1138507651435835,0.024211360895293473,0.8708978067893992,0.6097905060392789
1.921875,0.06531653650079272,-1.7752428411035694,-1.1846574927726896,0.14597922501351515
1.9296875,-1.308056684812901,-0.15239449801642782,-0.45356917618752896,0.9992528030472037
1.9375,-0.96449043288218,-1.9317689789009886,-0.41964074161010806,0.6347631315935225
1.9453125,1.2150609375545882,-0.9093270165599429,0.47026374759618605,-1.1114304477623544
1.953125,-0.8463726265775152,0.567594726027765,0.7181505425518439,-0.9993807492735187
1.9609375,0.15770168085516467,-1.86849981325055,-0.20265890716555396,-1.1342480262783414
1.96875,-1.2696391064527954,-1.2760773521443498,0.5536263953389848,0.5538744704318675
1.9765625,-1.1887928086688764,0.3755823064435986,0.2612725531353748,-0.12845175433344244
1.984375,1.7424353934323027,-0.8408786171398601,0.014305090713136877,-0.3823870292955586
1.9921875,-0.6074783830434203,0.15941200409147932,-0.29439570018964456,-0.8604267600922381
2.0,0.1242274979597285,1.1823316467539853,0.9427663799784999,0.2030444884087107
2.0078125,-0.4996984453859346,0.18642960039946957,1.084643023345939,1.191189262326987
2.015625,0.7754218657176681,-0.3643572001662182,-0.2027527494328714,0.7720459273385049
2.0234375,1.1839385782073486,-1.7576996121379838,0.6586175647922772,0.7112883400295278
2.03125,-0.42525165874962756,-0.7649811162236813,-0.7571640981176355,-0.6802628025228472
2.0390625,-1.0995529451124104,0.31309192955194687,-0.7857193987675104,-0.07038383609128987
2.046875,-0.40002362204092756,0.25517752139669,-1.0106170360719506,0.24526537489646627
2.0546875,0.24463867731646818,0.8275945851986286,1.9677690893906574,-2.092101770254218
2.0625,-0.03323905622013068,-0.7091628416067399,-1.9250586729111605,0.8416306233066554
2.0703125,0.8537297160288002,-0.3916277104992575,0.21091629622201072,-0.06407674016315698
2.078125,-0.05619497210841912,0.8805357489235972,0.3449373356933971,0.34576992946015894
2.0859375,0.8732313161902636,-0.16466222217661836,0.9230645712989498,-0.8220004221915188
2.09375,1.415743230534152,0.7378253923729058,-0.4037595338914597,-2.1145481470896668
2.1015625,0.048697853033622174,-1.18180940877075,0.2996346031797468,1.4511688228004755
2.109375,0.437844909306293,-0.17801261432452362,0.3422054039958589,0.28565019610987497
2.1171875,-1.9219034762780698,0.24093686407051298,0.6202773561176965,-0.25934163429270696
2.125,1.4785590781405098,-0.1276745745829966,0.76699876248041,2.273105107062155
2.1328125,0.34456950314770773,-1.942132165918247,-0.3365917240756086,-1.7258900047900703
2.140625,0.8890229429502037,1.3093509740330906,0.6958796617175403,0.3203082127462699
2.1484375,-0.5959168873599678,1.5756497459664778,0.7532762119993187,0.2844695567295501
2.15625,0.01351860286402351,0.11162735865000575,0.45221642395941064,-0.6133271790616038
2.1640625,1.1387447073220525,0.15233975287394327,0.6000544504725007,-0.43356727766942654
2.171875,-0.11547410662818752,-2.28175242630648,-1.118298878458158,-0.03141315318646248
2.1796875,-1.800943277922773,2.4394140638651667,-1.6680813139093884,0.34590074903593754
2.1875,1.3022197628808883,0.4812870594120847,-0.31022755338137453,-0.5521440838327852
2.1953125,0.5281131501454157,-0.8002706810425464,-0.11948610980875445,0.6911986057180801
2.203125,-0.2103338655682363,0.08751001018871311,-0.30408629254901026,-0.969797603506867
2.2109375,1.5063471268039652,1.3930662405829926,-0.316699953903356,-0.26557615867858225
2.21875,0.2840404272757696,0.5388032736257815,-0.9053002652415295,-0.08852530555259044
2.2265625,0.7605514185052449,0.6420421493872466,-2.78083727488142,0.40340320956851217
2.234375,0.7615815680703536,1.0077282366996336,-0.5262640152206957,-0.5183532052690668
2.2421875,1.4382149550827006,-1.563156706149209,1.6290902913813994,2.5558944592278263
2.25,0.47745168470488647,0.8140984735766132,-1.489581707099344,-0.6945597866975727
2.2578125,0.8221641787591065,0.3618153469822339,-0.18142746302677085,0.2328691323395445
2.265625,0.09124167816899736,-0.2930957010870337,-0.028945944976738743,-0.036307374798934554
2.2734375,-1.5498713447470367,0.32359462795910116,1.8035859146130904,1.7319621301861923
2.28125,-1.938339062107401,0.5706312198767373,0.6755037809057729,-0.4105104628236417
2.2890625,-1.2813966767942173,-1.3208143141716482,-0.44470377885003143,0.35000913660721295
2.296875,-0.2556033367753231,-0.610933088263158,-1.2491566313508997,0.35071625838829684
2.3046875,1.211684785596682,-0.9269219720344919,0.448428964148724,-1.8794752439104008
2.3125,-0.3039127183479734,0.7296041195157613,-1.1177672093896212,-0.6044367248124309
2.3203125,1.8964369963028047,-0.7328439802525423,-0.8539448192292646,0.5758483619306722
2.328125,2.4451262033569092,-0.2396699472941186,0.7687358603186,1.3457691801150065
2.3359375,0.7120573895619413,-0.26991790118506015,-0.8763267386254864,-1.4252109609210646
2.34375,1.3030434612863553,0.18095714574188698,1.332800942422933,0.988925316349704
2.3515625,-0.6659790901923889,-1.1868866999003547,0.4126695829369163,-0.632506884341217
2.359375,0.09890402449092794,-0.731151937661408,-0.8612252531972743,-0.14099080954071416
2.3671875,0.49313998823380517,0.3065398953135771,1.1783751486717822,-1.2335617030552273
2.375,-1.5570771415322984,-0.08916369916031532,2.1657013832930687,0.6742861135623731
2.3828125,-1.5075733742189077,-0.07614045295770798,0.22071479080125825,-0.5686857455610084
2.390625,0.33548987454669976,-0.15644613816480613,-0.2993307182096708,1.2602567871924792
2.3984375,-1.7586694723250735,-0.9618053417846936,-0.8173089814407803,-0.847681069998698
2.40625,-0.5374113291088272,0.48847595789082054,1.0965328284103468,0.9160412606558886
2.4140625,-0.6330568998476398,-0.10741789856987378,0.4522652134748237,0.24000295228544274
2.421875,1.7961400397108496,-0.6753342355440102,0.1563194211008231,-0.39323071490608863
2.4296875,0.7295451869556289,-1.0788969126896963,-0.928937720957575,-0.7301108597884869
2.4375,-0.21011592056176798,1.5479232656327633,1.1754019142954315,-0.21264967071394325
2.4453125,0.3180756328367451,-1.594436018110398,-0.17929234655146434,0.15961471331172736
2.453125,1.0481390523931582,0.3268047196749653,0.43289005877555253,0.29776288975046245
2.4609375,-0.04819545240969392,-1.3967591759349758,-0.41675766834030037,1.4348867985415426
2.46875,0.36195667635360285,0.49423449906514094,0.06671530922405998,0.6594413957456623
2.4765625,-1.4424817722889112,-1.5800595620137572,-0.3820865522349683,0.5379230577237781
2.484375,-0.3079049238826662,1.01395867884495,0.35145051656046883,0.044842196214342094
2.4921875,1.091786585602641,1.132375778457467,-0.09809130121944236,-1.1030498610160777
2.5,-0.9073614922555133,-0.16145113828415342,-0.36681138365245114,1.6577623298806503
2.5078125,-1.4444357805316344,-0.06425778688921284,-1.0662264873982346,0.1168018689130513
2.515625,0.7979996390432811,-0.4048969744139054,0.5304814136815165,-0.19862694050629412
2.5234375,0.3181967505799276,-0.41788872541891064,0.6508242887315826,0.13850146370624752
2.53125,2.0351793960384392,1.2700248768243845,0.5537746075705778,-2.1594416461000474
2.5390625,-1.167131669958816,0.9862505727898264,-0.4756385595250576,0.23484375767829108
2.546875,-0.5329302389916595,0.5178866305162446,0.9579899440945053,-1.2096277395856172
2.5546875,-0.9587137641147656,-1.6637284133317123,0.23340731182876998,-1.6652804208298235
2.5625,-0.71963508549191,0.5196111465328022,2.0580929346749612,0.3684183422874519
2.5703125,0.7744145741088209,0.2591588425597657,0.30924340938501466,-0.210922897773194
2.578125,-0.8736627731052493,1.174378151542696,0.37467435282496664,0.3362963448845564
2.5859375,-0.9946804871124348,-0.3450417314284374,2.0674904829790592,-0.06750183042827537
2.59375,1.1348263434094514,-0.5202517113340795,0.8015441715482821,0.28979559884561235
2.6015625,-0.3547045351783602,0.6485628985444821,-1.5434439088924747,0.5746214289211681
2.609375,1.0646883384214396,0.27307318811269254,1.310923696503857,-0.06810045469356894
2.6171875,0.2918214475230234,0.3550395291080001,0.8677062527201732,0.5698405144524853
2.625,0.27338692533739994,-0.9952278451786465,0.6634792559463168,-0.7895712742731404
2.6328125,-0.37731473578608793,-0.6546431760426943,0.057708806756984095,-0.7962964642905046
2.640625,-0.8579029202752262,-0.6588419444577848,-0.1833318104609036,0.45428446814507467
2.6484375,0.11627548092852757,-1.0804620952488755,0.2286621315710562,0.32275552139599994
2.65625,-0.6463049065970885,-0.7962460588279633,-0.7966301540623809,-0.5318123168455532
2.6640625,1.827736809754504,-0.8890724087905467,0.2659991671788799,-0.7141025963729193
2.671875,-0.9963757559869353,-0.7061364393964027,0.8012023859065722,0.37910782854330577
2.6796875,-0.6078139690069094,0.5029349466497697,0.7434656952738399,-0.8507150464015061
2.6875,0.19369902258975286,-0.7176316844216134,0.837935227193522,0.7401984793865525
2.6953125,0.2585607120695379,-0.20992634122403558,-0.5261092631211002,-0.26362869867309485
2.703125,0.8666999250615982,-0.6823310456676802,0.04967123997034232,-1.7476291693217696
2.7109375,0.5775713006061245,-1.035528417420951,-1.3181367318350532,0.5187148819406414
2.71875,0.6722772963894524,-0.4433774896480074,-0.3020956757693075,2.271033767456694
2.7265625,0.3034480703131319,-0.2012160282775899,0.6523052791547445,0.08721233726835421
2.734375,1.4031632559088498,0.2774488018821426,0.7610891425383822,0.44333041298483306
2.7421875,0.8810021332366488,-0.042652969846177974,0.2225277772691038,-0.2710354932005901
2.75,0.6041695073863382,-1.3460386845653458,0.7261362898880561,0.9980253502222084
2.7578125,0.5060634095017218,-0.10409771951661516,0.505229211106964,-0.7765786679437585
2.765625,0.42136740774977066,-1.099215290591702,0.5937311212495301,0.5326573946133885
2.7734375,-0.09086452707240239,-0.4470836442472603,0.7601662329675437,-1.8372648625636412
2.78125,0.3152820461123123,0.19143790953291445,1.0509586725418538,0.20004898491654666
2.7890625,1.5209935046778913,-0.941819333448146,0.6094073185015682,-0.8860044891557212
2.796875,-0.22393134146228869,0.7423725876426749,0.625430326210501,2.079538680357677
2.8046875,-0.20626439473627026,1.286001344146182,-0.2543001871301921,-0.7009000882846992
2.8125,-1.2694001708237537,0.16267062590215062,-0.5213056056161282,0.8475173698289039
2.8203125,-0.04993058706832976,-0.47660155758194445,0.3546552764309387,1.7212157981393923
2.828125,-0.5982572407345312,1.0176128047319954,0.8741052997953694,-0.22094597036843394
2.8359375,1.0619215116997078,-0.284276426327477,2.37138845402525,-0.11209529175507846
2.84375,0.2717558097352102,-0.3257916091508248,-1.693454047511539,-0.2631533798781893
2.8515625,0.18302840137413054,1.5009226216567313,0.4919571277965661,-0.189382187732697
2.859375,-0.21784192376217792,0.3273403664082984,-0.3789660585789338,0.6822370168028619
2.8671875,1.184127525912508,-0.36314873849553675,1.2075302658503617,0.876326304231321
2.875,0.037244861053864486,0.1119256185568647,0.33778387098271057,-0.21739317387180876
2.8828125,1.3959078715524194,-0.7184031557554633,1.134944694285934,1.5497217212656151
2.890625,-0.6009194493325031,1.1658469592921084,0.14398134623101064,0.06235978863550315
2.8984375,-0.12357226300090639,-1.613731100542421,0.5479239582517053,1.4435517643517464
2.90625,-0.5133787064420681,0.8473386580790396,-0.0852053922937219,-1.0926892749774142
2.9140625,1.3843951924011455,1.6860368312962442,-0.7942523588696101,0.21580169553287368
2.921875,-0.9493430674777354,-0.04200731857123523,0.4860664028432633,1.7529096058434601
2.9296875,2.0360438839922295,1.6424983415632208,-0.527091941872043,-0.24516506849901584
2.9375,-1.31075203432866,-0.7151555084189788,-1.4518292018451076,0.36553689663724154
2.9453125,-0.5518476661640062,-1.101422269814973,-0.3554144359006804,-1.1848769559294434
2.953125,0.21147165877957774,0.2844474940234366,-0.3157125900577397,-0.7306754804134266
2.9609375,-1.656638016927392,0.55535660524804,0.22872073993543648,0.46431546412244346
2.96875,-0.7683751472082905,-0.21792350558140203,1.4419991487763029,-0.6005848654989371
2.9765625,-0.810236385894183,0.7438920828651489,0.3029112965556297,-2.0466222070664988
2.984375,-2.103621536182944,-0.6608312666100945,0.9102996644453665,0.6716730776826834
2.9921875,0.28382499233697944,0.6277440963358235,-0.9689447546225223,0.6010470932505537
3.0,-0.9212836967225536,0.9472992017721052,-0.5105651342140736,0.28162607810668
3.0078125,-1.6388000353060173,-1.3488889122053853,1.090677437887579,0.6917438701869101
3.015625,-0.8022019671695277,1.2855917224139994,-1.090784428818142,0.019961103904332523
3.0234375,0.017491741469945754,-0.9234151966211207,1.1679405615385783,1.6849814956242684
3.03125,0.640213983353303,1.5259989168626682,-0.2812150531893959,0.1083085983823543
3.0390625,0.4486858984764487,-1.156708888623722,0.4994568924625311,0.7096931401623692
3.046875,-0.0759284736332646,-1.6917511681128432,0.3677054943710771,-1.515013514150283
3.0546875,-0.9564121722630021,0.13142129245031492,-0.7696624643237536,0.25367665054517463
3.0625,-0.5797636454897511,-1.6304965107410547,0.16797156107851,0.5865796802865407
3.0703125,0.5339300749457785,-0.3665680747669453,-0.06148367873520642,-1.4951086693398008
3.078125,1.474496765137674,1.505008189349684,-0.031834017613551036,-0.12484177264495384
3.0859375,-3.316728071049343,1.035262562912749,0.5628611811572876,0.812811870496868
3.09375,-0.5965898714819713,-0.46942882506336664,-1.2354186458203336,0.7780097301850001
3.1015625,1.3011624488632418,1.1238828767630464,0.18725757600835297,-0.3266517021675272
3.109375,-0.7741853068563067,-0.7017505196308544,0.4675504736350222,-0.2845533754008734
3.1171875,2.082364816909693,1.1523560308243272,-0.6018091321161564,-1.2156620643350033
3.125,-0.04841834277116752,1.0653829464364948,-0.5239224081217191,0.5459879851665006
3.1328125,-0.12491948705299583,0.3431641570234438,0.5281419733529799,0.9858332455845462
3.140625,1.7110252470895517,1.310228934807935,-0.5301715091727704,-0.14701873614404276
3.1484375,-1.1245165250435634,-0.23568528753446685,0.024317144864591727,-0.40395993492943094
3.15625,-0.694926284632045,1.0320801777524604,0.9074829450907496,0.39912204785204475
3.1640625,-1.664015830244315,0.20093089950023382,-0.38423157094000376,1.315727460797091
3.171875,-2.2926833868749763,-0.5588236912996468,-0.5866503082535667,-0.46657403195990266
3.1796875,0.47910858063103423,-2.3523584111768514,-0.2080521762298806,0.8507206741174648
3.1875,0.6265641154150843,-0.549077860540066,-0.679778149342087,0.34621357347270776
3.1953125,0.005894351623483701,0.0694031150272569,-3.801378196860991,-1.1271722049031339
3.203125,-0.7656779018404506,0.6430098619590356,-1.4407597046690717,-1.04662756086045
3.2109375,0.16281263614941305,-1.2875951767798524,0.6428539051809659,-0.3914036798086067
3.21875,2.294845698549961,-0.6297187170588883,-0.5762832031665642,0.8044382892693089
3.2265625,-0.15774456333038134,1.5115683204421728,0.48291494227225784,-0.30387993944381264
3.234375,0.25493680907419713,2.850707737117589,0.4886543589979511,0.15047701594142976
3.2421875,0.10312161322961746,1.0371620326802646,-1.518326313799268,-0.18118802296682254
3.25,-2.8336574560134933,-0.533407625911667,0.847926812910694,1.3822308388552174
3.2578125,0.3702718697670384,0.639968591497742,-1.7159014899546312,-0.678373811394933
3.265625,1.0586702097608505,-0.5238600104841304,-0.1359824020931157,-0.8055619863576818
3.2734375,-1.4313438488263421,-0.47026922647970437,-0.6610559659271489,0.9575017958168415
3.28125,-0.2465701683663515,1.0188838264435176,-1.387237503327094,1.2254531482040572
3.2890625,-0.29574041803692375,1.8393483841259441,-0.052776138360648865,-1.4934018146629204
3.296875,1.1866754668657629,-0.1364882381235323,-2.1521150796668893,0.14519468136970404
3.3046875,0.37637046448535166,1.0761127433286186,-3.5874938312144575,1.1488694751112953
3.3125,-0.12104336414869443,1.9262479079208594,-1.7182810008406593,0.5453389019207187
3.3203125,0.89018899862137,-0.4221147302605859,-0.7738059051086779,-0.37374502771110296
3.328125,0.14367234963917402,-1.2534380064376893,0.9929921700512448,-1.092200346432097
3.3359375,1.409696204461382,-1.7889345652509228,-0.17718978019187487,-0.1623065330357974
3.34375,0.17554734423898521,0.9562958796793082,-0.20234721995776053,-0.4579294102836994
3.3515625,-0.2483361550255024,0.9810068555697489,-1.2056069481346936,-1.0206684998064623
3.359375,-2.234483368933079,2.0272486958864038,-1.1597447282824545,-1.885431655871733
3.3671875,-1.2498597708195902,-0.6124552480518545,1.465456001240402,-0.4648992255753021
3.375,-0.20823071929062403,-1.7907798047252304,0.2079834917816728,-1.6487962447192448
3.3828125,-0.7545556810070435,-0.7598709809829328,0.05827149716642897,0.6344087061386305
3.390625,-1.6136810673079256,-1.1364184282224241,0.19358900594458192,0.6872857108024941
3.3984375,1.3683666249300135,-0.47189173035268167,-1.4914786749108953,0.186625719560586
3.40625,-0.6033020017054165,-0.9244201975664809,1.4081770743652862,0.6187168100871239
3.4140625,-0.3415726375949694,-0.018711535341657138,-0.08567698812090879,0.16509561783379112
3.421875,0.08445302684370704,-1.9000625276370466,-0.9763501750055934,-0.5319965852547925
3.4296875,0.5065819341323281,-1.0822943621801504,0.18628493789408118,-0.38127146118407806
3.4375,-0.40592171129655236,-1.2702761239644262,0.44649141639144774,0.4242433858229793
3.4453125,0.9453632204162157,0.5492882256302678,0.6241344547945084,0.3820786196601316
3.453125,-1.8559548396085168,-0.2791188794463528,-1.4323824617568983,1.3692120754930326
3.4609375,-0.3312103667882331,1.2697558454851914,-1.0303222917839858,-0.09186921589268413
3.46875,-0.19856551654675153,-0.33090214560351394,0.18778939974992076,1.4821634567083815
3.4765625,-1.5295057863354007,-2.6379224872883786,1.6006241393333227,-0.7916622366385611
3.484375,0.7067648900713124,0.6519133002708244,-0.21668679803272145,0.38034478964435503
3.4921875,-1.3762326327764958,0.08589715439278962,0.5940402047853834,-0.7743327263365275
3.5,-0.3802910971116887,0.31259351975132244,1.3232737096546197,-0.0031548398727755888
3.5078125,-0.19496147619597962,-0.14641577453445143,1.160175947005379,-0.6415123358314557
3.515625,0.1155024090454082,-0.6322607782348555,-0.20431653477724301,0.21369560233776932
3.5234375,1.531470564857216,-2.1245752847438957,0.5554889157620356,-0.891589882400149
3.53125,1.0550097713859583,1.2396349893012046,0.9955950119998253,0.1579587801589276
3.5390625,1.1516955760408945,-0.9433839363906805,-0.06783008579806996,1.5194710966809868
3.546875,-0.6917103687682853,0.19726916503940956,-0.3691753722778006,-0.19510847021258867
3.5546875,0.2609288565192781,-0.26951890521340593,-0.003409146538131313,-0.5045832696124614
3.5625,-2.178581715764203,0.19309412822875205,0.43947003665123624,1.3821734642040504
3.5703125,-0.6103356310031409,-1.3947085314093688,-0.7540081940732426,0.5403923453392317
3.578125,-0.5749221508346914,0.27929088415876474,-0.3530801384877145,1.8698089140811711
3.5859375,1.3414827846001192,-0.9315956254532883,0.9090309931108516,0.30406238981478706
3.59375,-0.17778219089288327,-0.8596879893441806,1.6215306334476487,1.1652583411657258
3.6015625,-1.4080914824543544,1.3834913082593199,-0.03837827035238453,-0.5977905740428391
3.609375,-0.6987926480679655,0.9448203118607358,0.3998955214355067,-0.8741463202683901
3.6171875,-0.37013715615677606,-0.38752310361359904,-0.5125060456403828,0.5277803121526269
3.625,0.8787369930838098,-0.6356499028604752,-1.6575094247749238,-1.3339992668497576
3.6328125,1.3110161410046324,-0.9948104735409704,0.11113519887059527,-1.7631575338020977
3.640625,0.6748449521728039,1.9195264055710193,-1.3280672310020856,0.5496972691147225
3.6484375,0.32147050327939,0.9178839461541413,-0.13124031933566202,0.27282494206526486
3.65625,-0.0093675880330725,0.5728428189707594,-0.8391127050236458,0.1924487613844936
3.6640625,0.4238203708031608,1.1679905914246114,0.4957289155236749,-1.131956533961282
3.671875,-2.0439708157216834,0.40862556084060986,-1.011643753172907,0.8443346060858782
3.6796875,-0.7662545314272275,1.0116159433929806,2.12581662460879,-0.06232267519153661
3.6875,-0.4695537770622473,1.0134929492027789,1.0639050277896922,1.701608168112745
3.6953125,0.05142728068893676,-0.6328669583423246,0.0077136572541940535,-0.623629193119764
3.703125,0.3373548644367683,-0.8682396878669727,0.9020064563182728,0.6974901545879407
3.7109375,0.4562299459994843,0.02557654675594081,-0.1964429181811256,1.3122552035216337
3.71875,1.6493572489452526,0.14571685457777803,-0.8566498771059955,-1.1768483191896122
3.7265625,0.7852130763738343,-0.6380619374163956,0.4759338723761218,-0.3866955373697608
3.734375,1.189489165389884,0.20741524447887036,0.9980530619517543,-2.233905252294292
3.7421875,0.008648122588136131,2.216788133266835,-2.5031610117369376,0.8426522172851623
3.75,0.4180037407689484,1.2857010543492353,-0.17359179552562834,1.1903544390528793
3.7578125,0.9812074357257867,0.19678009270144395,-1.1640118783694828,0.9130045340818803
3.765625,-1.3891718014364365,-0.13737657056441324,0.9469082441625268,1.0920677064906987
3.7734375,-0.845551336541074,0.6269829363737798,-1.542536613885471,-0.4723809012694099
3.78125,1.0069791296681339,1.3433880478461098,0.6692138364157875,-0.14183448580853825
3.7890625,0.5300636745643497,-0.023228192037787348,0.16822860749339733,0.08838290840610988
3.796875,-0.873065467069871,0.7259248113193763,-1.069947260575109,0.7758448541897583
3.8046875,-0.8154601319446979,-0.7220757158974855,-2.8408473558032754,-0.15608345174169724
3.8125,0.5427423655226331,0.827072508053467,1.3108760096986793,-1.4902134278294323
3.8203125,1.4632976549459995,-0.46403425360015677,-0.07206009820763162,-0.10526835557242196
3.828125,0.040877969381922286,-0.8899110568829337,0.2792167152139877,0.8111450446561498
3.8359375,-0.8732664860786209,-0.01945875637332236,-0.6290122546867031,1.0959217778185861
3.84375,0.6849212631272329,1.5087051144253556,-1.5487650014491352,1.034196600361161
3.8515625,0.11365684032379073,-0.7251734497952679,0.4892034935587032,1.5660332728275252
3.859375,1.326829008163115,0.8222182042566056,-0.991604685820878,0.30986345342253446
3.8671875,-0.09853805609418931,1.2420166226436282,-0.1648751790198756,0.015571783015878514
3.875,-1.15350869293109,0.6680873206370498,-0.21541048915385103,0.18597858875558868
3.8828125,-0.910510645058074,0.04723961373241767,-1.0804130049769942,0.16088916682544768
3.890625,-0.8803603407374587,0.6993285544282427,1.8474534185045268,0.8457012421214739
3.8984375,-1.1689310839983953,-0.35929671589850365,-1.6096950841174666,0.013570061891976485
3.90625,-1.5828818332047323,-1.2013773057044526,1.096256790339018,0.8610368544463314
3.9140625,-1.1338618972851542,-0.44744016384508256,0.4634872549244045,0.39249325801069374
3.921875,-1.1367745570067693,0.26000968216384135,-0.6078526308245681,1.1986679049459128
3.9296875,0.2782903952150695,0.3592874704222708,-0.10912060748110736,0.6664444603181792
3.9375,-0.41451603041644275,0.6682532946789748,1.2089628200073759,1.8355606479067832
3.9453125,1.7289319495843714,-0.5361218336838077,0.5771497234685808,0.8074972376516372
3.953125,0.4924996943412963,0.7534784673878884,0.4239436135929929,-0.5452554077679013
3.9609375,-0.11008608865138886,0.8467867012998634,0.46160539323076794,-1.0963535051766442
3.96875,-1.3395580430055638,-0.4092416167420198,-0.20481350154436742,0.15727322840385663
3.9765625,-1.47468686664033,0.794955834106291,-1.8575643242699849,0.5287016862705646
3.984375,0.09079862146874884,0.644098654133265,-3.0669876329246666,-1.349275484416141
3.9921875,-0.5883943858200221,0.16828203780485995,-0.08139140208529343,-0.8137465999706351
4.0,1.283043986769568,0.32402949958940275,-0.39475491882317926,-0.9875715303389616
4.0078125,0.30391165833025413,1.258700440768004,0.03517982742396543,-0.032047433171445455
4.015625,0.4820172007961403,0.12061586768592264,-0.23318657463445638,-0.9728550052681931
4.0234375,2.0266066724532443,0.6374926022597396,2.117133396499012,0.49755594196754055
4.03125,0.23064782275219242,-0.9458366808302842,-0.32999577217436477,-1.152942951749021
4.0390625,2.4150373181830163,-0.017031709497609814,0.7860566080994886,0.9619686558171993
4.046875,1.1784602934723547,2.547869783635755,-0.09541189653632087,-0.18186206419679415
4.0546875,0.019337953349581605,0.7485415287601164,0.1788771093167381,-0.26885126734807646
4.0625,-1.0694907860282288,-0.7743494839237722,0.26947268336039604,-0.9988782499350921
4.0703125,-2.292502766430973,0.11523952975326392,1.1626299176367487,0.6618109506348047
4.078125,-0.5082804807836104,0.40300183238618303,-1.6471157029611447,-0.6896401644574376
4.0859375,1.2915634826104478,1.184118747595956,-0.7115726710364101,1.7543122584142423
4.09375,-0.9092326079961155,-0.8231920384715771,1.5359175681673771,1.307740053379758
4.1015625,-0.539550932438389,-0.04908882458397935,-0.34169998149172376,0.5041385551044657
4.109375,1.8451770349770154,0.5321545423629521,-0.11390441158897109,-1.346300009243742
4.1171875,1.2189237640925294,-1.2229471489491088,-0.18713306849562902,0.9582356438322627
4.125,1.3112254601483229,0.8387132753247712,0.6989212351823921,0.1458594613837427
4.1328125,0.7431152565959451,0.0920702647204346,0.4825774322224877,0.535236441004911
4.140625,0.41111360870509783,0.5138141224640583,-0.684821028359514,-0.30695667774888535
4.1484375,0.27950713118845105,1.92351298256754,0.5289908441296284,-0.13473594673016337
4.15625,-0.4115655779838075,0.7441655087469387,-0.09726131934254258,0.6373809855455995
4.1640625,0.1250988294118417,-1.2460779672000444,0.4727850227216747,0.4656238140107662
4.171875,0.3062752279038563,-0.8370833878319596,1.0941101001320168,-0.16679749129024285
4.1796875,1.5098041655019827,1.7524329545580741,-0.6080601917118509,-1.36921859489701
4.1875,0.3436890539825521,-0.8199690336079428,1.1475075230778675,0.5298618776070974
4.1953125,-1.5987513297748162,0.7820642441934978,0.13725091856077007,0.41211162392746375
4.203125,1.6215917608068586,-0.12992216206212254,0.7580217313831278,-0.5983886703421485
4.2109375,-0.2566082861983024,-0.21814751367315194,-0.6203814024150773,0.5678614983385143
4.21875,-0.8614964995456182,0.8295471443189064,-0.7615285872916671,0.377704563816253
4.2265625,-0.6898408981360454,0.4777323737584165,1.0840074959436148,0.00977117294194641
4.234375,1.9644170449292455,-0.13990735194170767,0.4113677518798839,-0.9254669730976067
4.2421875,0.6741292712374543,-0.5681392927117447,-0.7203913135896711,1.580103607920915
4.25,-1.2702208551738345,-0.11476845717851916,0.7127902640786932,0.234070906216228
4.2578125,-2.0830253613200984,0.6039092696727824,-1.3789989584072906,-0.44325194864561407
4.265625,-0.6599774586855907,-2.9200293203145584,-0.10590056483626419,0.6658773971612507
4.2734375,-0.6676767893698696,0.18492981340062184,2.261786853785828,1.1254402330183644
4.28125,-0.4025539485437898,2.5870088285630093,-0.6363710243991318,0.5196771080607744
4.2890625,-1.8938205449887395,0.39832800502420895,-0.11141030941231621,0.06079326681873964
4.296875,0.2729362339705611,0.28000391499230254,-1.0726272421496699,-0.3833451365939972
4.3046875,0.15120305260889988,-1.42917561103508,0.8025694505032943,1.882882309750085
4.3125,0.6570969251707248,-0.5277131651201175,-2.301924461118349,-1.520908256311917
4.3203125,0.8176990318815167,1.2624365367975052,-0.2200843690272319,-1.4872412677395503
4.328125,-0.38063260392150555,-0.5722287475770127,-1.9325473636492654,-0.3105662354800219
4.3359375,1.2788919850355038,-1.6817819157169585,-0.5596400528006676,-2.024304275464286
4.34375,-0.627807627103776,-0.1480440290312527,1.021206212509489,0.4557086335819363
4.3515625,-1.2324562715768232,0.09398130952015568,-0.3339334113361991,-0.01287012804787971
4.359375,-0.47727994415944724,0.3133720677491042,0.1811126366207718,0.8664334817905881
4.3671875,-0.3243687455043452,1.6899307106005974,0.5192261838833757,1.47831033460733
4.375,0.22025002309674047,-0.6727857361619114,1.2429178970824466,1.1841771283478413
4.3828125,-3.313019241439802,-0.5484453451715633,1.4427591069908052,1.0543880391754228
4.390625,-1.7382026256286727,0.8587618152385667,1.7272349012495698,0.6066984230387682
4.3984375,-1.5248647457793385,-0.7838153341442157,0.40050437497472957,-0.21553496319514956
4.40625,1.4690043923886595,0.7312487356497058,1.9631776765405726,1.020616912064627
4.4140625,0.9390425739816903,-0.3143343188329431,1.4044617629579554,0.005498343638950076
4.421875,-0.5355074281045655,0.04817082349761754,-0.09185557833082025,-0.9935401897080857
4.4296875,1.3063086473447778,-0.140428230753746,0.3955886228087357,-0.7809086062331254
4.4375,0.18888219540268997,0.7743261623876592,-0.24682830197944813,-0.3653415699026727
4.4453125,2.329456041069779,0.3161949255681937,0.733306527885516,0.7462379320539455
4.453125,-0.0005815243421588984,0.527624627350599,-0.9730118015152337,1.4482085518948633
4.4609375,0.9297531190957695,0.1902145688716806,0.006355875683718263,-1.2396230704465656
4.46875,0.5673712054339677,-0.2550368025363731,0.6097669082927474,-1.4406739940324536
4.4765625,0.13386225302634108,-0.1752510546351389,0.011907871884688417,-1.4178117660192724
4.484375,0.26332949070203504,-0.6125253521171887,-0.04701125448669936,0.8041810014107624
4.4921875,-0.32136722236523674,1.9862429622331355,-0.8988030652307947,0.24048574815363108
4.5,0.41332316347933973,-1.0189727803168667,0.08740900761719014,-0.19488175708764216
4.5078125,0.4615127943590982,0.4536479794206087,1.3982508319605313,0.2881738292313937
4.515625,0.9628039375744053,1.4993159669024918,-1.5842637368577241,-0.2611968208687585
4.5234375,0.53576422687757,-1.555560340617808,0.07668047048190747,-2.35580591273408
4.53125,1.1674774909064236,-1.4782854357591637,-1.2511849401768542,0.5243443532260578
4.5390625,-1.3503767054988716,2.05378027456382,0.11660276571258488,-0.09709308123886763
4.546875,1.3007380130713988,-0.07970883908825462,0.24063119083066958,-0.15590018072385983
4.5546875,-0.6469594415828932,0.3711875050895233,0.5250280541270724,-1.273138245275717
4.5625,-1.2347263654195197,-0.6594150524960222,-0.029588215095096577,0.34566061748224475
4.5703125,1.6776154769792315,0.27504015123207315,-0.17434368140023182,-0.7148807746108157
4.578125,0.49488992550754624,-0.011902471223663313,0.34175456815201544,-0.0006791646074836991
4.5859375,0.16407211586710796,0.47870000569200155,0.3738427050729849,0.0038330862925094996
4.59375,-0.09791292403553598,0.38231955899271425,-1.924196184922243,-0.03407262881877017
4.6015625,1.0297980432287277,-0.48031451134104586,-2.0901189987529927,-1.3850350563906724
4.609375,0.3529826535012396,-0.7207595682202254,0.13392494438603106,-0.018462167452254916
4.6171875,-0.028193468724406312,-0.9149978222901417,0.19548695478159886,0.06893169543474216
4.625,0.37611050303737714,0.8724144370570032,0.20133443822482608,-0.5960315359727527
4.6328125,0.08236668210058751,-0.061930948579204066,0.12319077317334337,1.336415170755952
4.640625,1.9658623574014222,-0.46894531205884443,-1.0194071318725955,-0.5428815131608528
4.6484375,0.4691348328826115,0.8327863481892152,-0.4081148568930912,-0.9141765813849487
4.65625,0.19101945364967926,0.6235929222685938,1.0346437051466095,-0.6377172101134722
4.6640625,-0.057642751464568265,-1.6316995704565695,-0.10569705815276509,0.7185145063969224
4.671875,0.993328051464003,0.30216295387200043,-0.2417501426579484,-1.4059609340395078
4.6796875,-0.2500990676015475,0.631758919064663,1.013665760007033,0.243211710654849
4.6875,-1.3090247574344454,0.5535038411914245,1.6898795293565858,-0.2623985740206567
4.6953125,-0.9475884062231743,-0.32967681048755815,-0.013178644122305348,-0.5234815281318063
4.703125,0.8038780014926553,0.4307301819014316,-0.3343253115633758,-0.019825242851109096
4.7109375,-1.2218692077963902,0.3212542755093889,-1.3938066433750593,-0.2773315560899788
4.71875,0.0005953025252764532,0.4665790006493482,-0.4441420598829812,-0.0469579475499448
4.7265625,1.9927843971360353,-1.5694320397731791,0.11310162671401226,0.864209270891057
4.734375,-0.2120153899495258,0.020922464263224836,-1.361328858800937,-1.6087791363698718
4.7421875,0.9578073906174086,-0.32714360015432026,-1.3126848467029635,-0.4733789495330511
4.75,0.604434399555128,0.5512317172135619,1.0477341721595803,-0.5039968517257415
4.7578125,-0.8631349434941579,0.33088139622160656,1.0000955616677676,-0.3745585616861393
4.765625,0.5424563341469365,-0.3334698202423759,2.0374519423753807,-1.7196739038220863
4.7734375,1.0372425135431886,-1.4974802016921753,1.2231733603288117,0.08580064278962317
4.78125,-0.9152826714539657,-0.9087702389250821,-0.9281221437605335,0.6817559566212481
4.7890625,0.14311257189980886,-0.18844453237818976,-0.026584242413399836,-0.8712811974290425
4.796875,-0.23011260799734728,0.8858411117177848,-0.9075919954733176,0.5211375144393835
4.8046875,-0.3163045245273808,-1.527569266253622,1.0616788318809716,-1.3739471578514193
4.8125,-0.11127434272012782,1.0692534354743428,-0.7872107937761171,0.9425534238204085
4.8203125,0.02996859620974357,-0.09358917826887828,1.884547476805244,1.1357906611668267
4.828125,0.5765780731363388,-0.6539905475698093,0.026886269457256654,1.6496097299944172
4.8359375,2.558556140264177,-0.6198320340365894,1.4442450624913878,-1.5778277877826399
4.84375,0.7795481242122531,0.3743664207436114,1.0410969219158048,-0.8324088256872509
4.8515625,0.09700858356010461,-1.8617597537365473,-0.6300652183072499,-0.01700358267398227
4.859375,-0.08327203392056554,2.791971166364041,-0.5093949936499329,0.020851016457012695
4.8671875,-1.592963093658429,-1.886396597996423,0.8983549069080704,0.905452835968431
4.875,-1.8754405398140352,-1.6897908946886235,-0.6358816097257352,1.667025786843934
4.8828125,-1.9291019813897927,0.681796857695334,0.1314266306188423,-0.3018174541542164
4.890625,-0.8823867184650058,0.24498204614018904,-0.3107950666543592,-0.39932039869894714
4.8984375,-0.2565483209869806,1.1116224872159368,0.21284143528388993,0.06895192451824346
4.90625,1.5739205079569576,-0.2681484528973282,1.432837566672641,-0.6758122959072727
4.9140625,0.917654140040825,-0.32310328942580074,-0.06849627644987176,-0.6432392357586125
4.921875,0.19500592890835294,-0.7005908760038102,0.40285179956609257,-0.8247681482118305
4.9296875,1.0150278830227573,2.34706586550955,-1.55504129321614,-2.3721213776386474
4.9375,-0.6346421390387167,0.7432967991827534,-0.7111600017083709,0.5774810876838672
4.9453125,1.0943635884443057,-0.2510781173963972,0.8847682509983086,-2.26950177333614
4.953125,0.7369875699671544,0.7993033732591057,-0.09943286179014288,1.0035365626469492
4.9609375,1.1237662424978634,1.9328205818714956,1.9412492955640848,0.05552552931562209
4.96875,-0.6031569659297404,-0.07810128600356411,-2.6744902903031136,0.698156780970632
4.9765625,1.851763331231778,0.5658335488614014,-1.4214788449588278,-0.9946916974424368
4.984375,-1.354160541567817,1.6570519813450593,0.5023938192500375,0.6381286339251548
4.9921875,0.11783134550218347,-1.1114787296686919,-0.9439107085347871,0.6807384847965919
